<application>
  <component name="CodeInsightSettings">
    <option name="completionCaseSensitive" value="2" />
    <option name="COMPLETION_CASE_SENSITIVE" value="2" />
  </component>
  <component name="DefaultFont">
    <option name="FONT_SIZE" value="14" />
    <option name="FONT_FAMILY" value="Fira Code Medium" />
    <option name="USE_LIGATURES" value="true" />
    <option name="SECONDARY_FONT_FAMILY" value="Sarasa Term Slab SC" />
  </component>
  <component name="EditorSettings">
    <option name="IS_WHEEL_FONTCHANGE_ENABLED" value="true" />
  </component>
</application>