<keymap version="1" name="Windows copy" parent="$default">
  <action id="CheckinProject" />
  <action id="ChooseRunConfiguration" />
  <action id="CommentByBlockComment">
    <keyboard-shortcut first-keystroke="ctrl k" second-keystroke="ctrl s" />
  </action>
  <action id="CopyElement" />
  <action id="Debug">
    <keyboard-shortcut first-keystroke="f5" />
  </action>
  <action id="ForceStepInto">
    <keyboard-shortcut first-keystroke="f11" />
  </action>
  <action id="Run">
    <keyboard-shortcut first-keystroke="shift f5" />
  </action>
  <action id="ShowBookmarks" />
  <action id="StepOut">
    <keyboard-shortcut first-keystroke="shift f11" />
  </action>
  <action id="StepOver">
    <keyboard-shortcut first-keystroke="f10" />
  </action>
  <action id="ToggleBookmark" />
</keymap>